id;field_name;field_value;default_value;enabled;created_date;updated_date
1;out-of-the-box;Handcrafted full-range;port;false;2020-10-09T02:23:30;2020-10-09T07:09:44
2;Nevada;payment Bahraini Dinar;Gorgeous Rubber Salad Sausages;true;2020-10-09T17:16:21;2020-10-08T17:53:42
3;withdrawal niches Baby;Kentucky homogeneous firewall;interactive Intelligent Steel Pants Wooden;false;2020-10-09T08:21:28;2020-10-09T08:45:38
4;Multi-lateral;pricing structure Frozen deposit;Harbor Danish Krone Washington;true;2020-10-09T08:44:23;2020-10-09T15:21:15
5;application tan;Senior client-driven parallelism;redefine bricks-and-clicks payment;true;2020-10-08T22:50:33;2020-10-08T21:27:40
6;Locks;Comoros quantify RAM;Personal Loan Account Checking Account sexy;true;2020-10-09T02:44:15;2020-10-09T06:56:54
7;Personal Loan Account Refined Plastic Computer;Engineer Borders;Small Morocco;false;2020-10-08T22:34:08;2020-10-09T03:24:08
8;Auto Loan Account port;bleeding-edge Fresh;generate;false;2020-10-09T06:57:30;2020-10-08T18:04:51
9;collaboration;pink Auto Loan Account neural;Mouse;false;2020-10-09T02:39:55;2020-10-09T12:07:00
10;Colorado Practical optical;Function-based;Toys Lilangeni navigate;true;2020-10-09T08:51:22;2020-10-08T20:41:06
