id;applicants_home_address;telephone_number;email;employer;employers_address
1;Developer;Fish hacking invoice;Julia.Harvey@hotmail.com;Cheese input SDD;array
2;Planner;Highway;Kraig_Legros@gmail.com;extend;Canadian Dollar
3;Product Steel Borders;calculating deposit;Erwin.Pagac86@yahoo.com;Automotive Response driver;parsing
4;bypassing Marketing;Borders unleash Communications;Nickolas.Volkman78@hotmail.com;payment Ergonomic Fresh Keyboard Chips;focus group Investment Account indigo
5;maroon;black Object-based;Aliyah.Blick@gmail.com;salmon Rustic Investor;Innovative
6;Avon intangible Clothing;monitor connect;Kiarra_Aufderhar55@gmail.com;Delaware;Sports methodologies white
7;navigating monitor Money Market Account;Cape Verde Escudo;Terry_Kuvalis74@yahoo.com;transmitting District;generate
8;neural Ports Soft;virtual CFP Franc;June17@yahoo.com;European Unit of Account 17(E.U.A.-17) Guarani;Practical
9;transparent Lempira Rustic;payment salmon;Beverly_Langworth99@hotmail.com;Money Market Account;one-to-one XML generating
10;Home Loan Account structure overriding;compress utilize;Jailyn_OKon@hotmail.com;Bedfordshire Product Frozen;revolutionary Gloves
